fr,Person,Robot,Start Location,End Location,Link to rosbag,Video,Tags,Distance Travelled (meters),Time (secs),Date,FileName,Upload to Dataverse,Train/Val
1,A,Jackal,AHG,Library,https://utexas.box.com/shared/static/mjq14klutzb8f2x0hapnfu8kldua6me3.bag,https://utexas.box.com/s/79yiflby2x8ts0ejr0yyk5lpu0hru541,Against Traffic,573.44,350.72,Thursday Oct 28,A_Jackal_AHG_Library_Thu_Oct_28_1,,Train
2,A,Jackal,AHG,Library,https://utexas.box.com/shared/static/fv93vszcc50bckic6j2aiv49t3yzxdm5.bag,https://utexas.box.com/s/dlsopgjo9b22f0pa6hk34yap6at4z651,Against Traffic,524.25,268.55,Thursday Oct 28,A_Jackal_AHG_Library_Thu_Oct_28_2,,Train
3,A,Jackal,Library,AHG,https://utexas.box.com/shared/static/c1p7zkh82rejsmah47pwrvz1vy8c6cru.bag,https://utexas.box.com/s/6gma1k1845g30s2e3r8xg63p9yvqvyry,"Sidewalk,With Traffic",529.7,272.5,Thursday Oct 28,A_Jackal_Library_AHG_Thu_Oct_28_3,,Train
4,A,Jackal,Library,AHG,https://utexas.box.com/shared/static/mw7hjnifc29gf0b41osos45oawq3wmvi.bag,https://utexas.box.com/s/5qakikypmp8ww8uxw4e1ty22brk646bm,"Overtaking,Street Crossing,Against Traffic,With Traffic ",595.88,309.5,Thursday Oct 28,A_Jackal_Library_AHG_Thu_Oct_28_4,,Train
5,A,Jackal,Library,Fountain,https://utexas.box.com/shared/static/cgovwgp4phsu0y830o9sb987yhlhjys6.bag,https://utexas.box.com/s/w6bk5gzuluqqytwxh66yuc2uo5w8gfz0,"Sidewalk,Overtaking,With Traffic",196.6,102,Thursday Oct 28,A_Jackal_Library_Fountain_Thu_Oct_28_5,,Train
6,A,Jackal,Fountain,mccombs,https://utexas.box.com/shared/static/0kippbodxhg999hdzksi8xhipe74ctxm.bag,https://utexas.box.com/s/8z9yxvggph8nyloluej7d27j4w98n7nf,Sidewalk,99,51.15,Thursday Oct 28,A_Jackal_Fountain_Mccombs_Thu_Oct_28_6,,Train
7,A,Jackal,AHG,Library,https://utexas.box.com/shared/static/4n71vy7ogjvt3l87puknlkff3c1kx6j4.bag,https://utexas.box.com/s/xcqal2k0s93t0lpnyie5jf7d7cbhib0e,"Overtaking,Against Traffic",557.5,307,Friday Oct 29,A_Jackal_AHG_Library_Fri_Oct_29_7,,Train
8,A,Jackal,library,AHG,https://utexas.box.com/shared/static/n8d4u8a08ayqm8zduh3509ybtgc3y4og.bag,https://utexas.box.com/s/041e6b8dnodzezsrg6ivmwrs0btc8lj6,With Traffic,552,282,Friday Oct 29,A_Jackal_Library_AHG_Fri_Oct_29_8,,Train
9,A,Jackal,Fountain,Library,https://utexas.box.com/shared/static/kunoelttn1v7a72ihfpurtp7r3qvpujg.bag,https://utexas.box.com/s/fygw6xrsask26nmbytuwtwjtieonubn9,"Street Crossing,Sidewalk",238,142,Friday Oct 29,A_Jackal_Fountain_Library_Fri_Oct_29_9,,Train
10,A,Jackal,library,Fountain,https://utexas.box.com/shared/static/qs3vi8q24p3l4572ze3klx1wi5vce7zp.bag,https://utexas.box.com/s/r3r0ees231s90dwrf22bqusl9okzs5yp,"Passing Conversational Groups,Sidewalk",236.5,123.2,Friday Oct 29,A_Jackal_Library_Fountain_Fri_Oct_29_10,,Train
11,A,Jackal,GDC,GDC (indoor),https://utexas.box.com/shared/static/zcw1q6xi41ygdxv23992v4lzit7j1gdk.bag,https://utexas.box.com/s/ern7n8y1i8nrdxf903iatuymk4cirdwv,,16.6,9.6,Friday Oct 29,A_Jackal_GDC_GDC_Fri_Oct_29_11,,Train
12,A,Jackal,Speedway,Speedway,https://utexas.box.com/shared/static/2ol6zndzllusefjhrvf00slt9uz6k39z.bag,https://utexas.box.com/s/llceue8fncgajtewu55r5phoczb5zxot,With Traffic,155.89,84.4,Friday Oct 29,A_Jackal_Speedway_Speedway_Fri_Oct_29_12,,Train
13,A,Jackal,GDC,SAC,https://utexas.box.com/shared/static/zoxs01pcs249vs8elmy1y9rpkv9o87o7.bag,https://utexas.box.com/s/yhzfvs9j290dzlt3a163ry0z8dlpsb4w,Passing Conversational Groups,48.7,29.2,Friday Oct 29,A_Jackal_GDC_SAC_Fri_Oct_29_13,,Train
14,A,Jackal,SAC,GDC,https://utexas.box.com/shared/static/ydncqtpqbnlbgtz1xapzpryirum3t7et.bag,https://utexas.box.com/s/607z2uzk3cso28z3maym38je494nkq5z,Passing Conversational Groups,30.02,16.25,Friday Oct 29,A_Jackal_SAC_GDC_Fri_Oct_29_14,,Train
15,A,Jackal,SAC,SAC (indoor),https://utexas.box.com/shared/static/eru0am2s3d4jzbxdjh7aw4g03hsnwcum.bag,https://utexas.box.com/s/aohpbmq7ccel07uxryd3l3jhtfoqtvcc,With Traffic,17.55,9.58,Friday Oct 29,A_Jackal_SAC_SACindoor_Fri_Oct_29_15,,Train
16,A,Jackal,AHG,Library,https://utexas.box.com/shared/static/c3oric06zltll4infbweuf6xpmz1dxto.bag,https://drive.google.com/file/d/1sNwNJsEXGc_zfPQaKYPn4KrIaW5hSIf1/view?usp=sharing,With Traffic ,509.2443244,258.434957,"Thursday Nov 4, 2021",A_Jackal_AHG_Library_Thu_Nov_4_16,,Train
17,A ,Jackal,Library,AHG,https://utexas.box.com/shared/static/kmqctcvf0apymmpnswecxbr0z0xzyim0.bag,https://drive.google.com/file/d/1_IOVThx6QhDUmT52PJInSazb343hj4G0/view?usp=sharing,Against Traffic ,516.3376363,262.5035784,"Thursday Nov 4, 2021",A_Jackal_Library_AHG_Thu_Nov_4_17,,Train
18,A,Jackal,Library,Fountain,https://utexas.box.com/shared/static/fc393wnzm9c65pksz8w8m3xeryhqrgpr.bag,https://drive.google.com/file/d/1GxgXCXjzMwiKmTMYxQFcKZACjjk1Y3JV/view?usp=sharing,"Sidewalk, With Traffic",161.8232323,86.82000828,"Thursday Nov 4, 2021",A_Jackal_Library_Fountain_Thu_Nov_4_18,,Train
19,A,Jackal,Fountain,Library,https://utexas.box.com/shared/static/y5odsg5pxk2ecgl0qf8yd7l4g1j4mq7c.bag,https://drive.google.com/file/d/1lSffh1C8nXmy14NeSnVvtSAnsLbpTkUJ/view?usp=sharing,"Sidewalk, With Traffic",200.8044385,105.4039748,"Thursday Nov 4, 2021",A_Jackal_Fountain_Library_Thu_Nov_4_19,,Train
20,A,Jackal,Libraryfront,Librarydoors,https://utexas.box.com/shared/static/3ccxp8i8ukf79v2iuduj0auoxpl1j1dd.bag,https://drive.google.com/file/d/1oZrfTm-1gYKVS-DBcOrFQSsa2pmgM6if/view?usp=sharing,Sidewalk,61.21668864,31.9997673,"Thursday Nov 4, 2021",A_Jackal_Libraryfront_Librarydoors_Thu_Nov_4_20,,Train
21,A,Spot,AHG,Library,https://utexas.box.com/shared/static/bhsceyw95w3t9nmxuk4u4ok4488y5hkc.bag,https://drive.google.com/file/d/1OHNiJrub4NxKSfAhFzhfI2qpg1Wepp4s/view?usp=sharing,"With Traffic, Against Traffic ",545.8316215,557.2253458,"Friday Nov 5, 2021",A_Spot_AHG_Library_Fri_Nov_5_21,,Train
22,A,Spot,Library,AHG,https://utexas.box.com/shared/static/3c8edpxpqeas5592fmno93r334awn17n.bag,https://drive.google.com/file/d/1RZrskviAEo6hZ3BOFtQiDwd6J1Ef-pWF/view?usp=sharing,Against Traffic,400.9054691,405.9148374,"Friday Nov 5, 2021",A_Spot_Library_AHG_Thu_Nov_4_22,,Train
23,A,Spot,BoatBuilding,AHG,https://utexas.box.com/shared/static/2tx99hsmjpl33k8ehimv6xlb38zijuw4.bag,https://drive.google.com/file/d/1dEI2v8z6ZueG1_N6_b63aAmuLZVBA-J_/view?usp=sharing,Against Traffic,76.81398404,78.92699623,"Friday Nov 5, 2021",A_Spot_Boatbuilding_AHG_Thu_Nov_4_23,,Train
24,A,Spot,AHG,Library,https://utexas.box.com/shared/static/bj6ol67imnrhhc2xovld7zqwao1wy69i.bag,https://drive.google.com/file/d/1PeDm70KE7WIOdyffgoQHvVHJ5DHhc2vo/view?usp=sharing,With Traffic,486.4166123,354.7242374,"Monday Nov 8, 2021",A_Spot_AHG_Library_Mon_Nov_8_24,,Train
25,A,Spot,Library,Fountain,https://utexas.box.com/shared/static/ltyyn84aesm2leylr7xibzhxla3igmi1.bag,https://drive.google.com/file/d/1iipIK-TvrhYRJadXKP487ClLLJmHqVXU/view?usp=sharing,"Sidewalk,Street Crossing,With Traffic",228.1332252,168.7854807,"Monday Nov 8, 2021",A_Spot_Library_Fountain_Mon_Nov_8_25,,Train
26,A,Spot,Fountain,Library,https://utexas.box.com/shared/static/29ypo2ysarwkc1iahfvnsqpwtpz23xfr.bag,https://drive.google.com/file/d/1iCvNF1PMz50E-paxofjcUley4Ei2lMhS/view?usp=sharing,"Sidewalk,Stairs,With Traffic ",206.7386296,155.5944867,"Monday Nov 8, 2021",A_Spot_Fountain_Library_Mon_Nov_8_26,,Train
27,A,Spot,AHG,AHG,https://utexas.box.com/shared/static/nxheegfbv652zdedm2jf8rlzauryke6q.bag,https://drive.google.com/file/d/15xJRVe4RmkNWmGCWeg5bJ9XbaxRUoNYA/view?usp=sharing,"With Traffic,Stairs,Sidewalk,Street Crossing,Vehicle Interaction",1039.654356,821.9916723,"Monday Nov 8, 2021",A_Spot_AHG_AHG_Mon_Nov_8_27,,Train
28,A ,Spot,Library,AHG,https://utexas.box.com/shared/static/zoahmnfau2byuzt7iakbezlyxpeejn3v.bag,https://drive.google.com/file/d/1XHw-iZ-fM0DwaL96TeFnBQLYwXaQmXFR/view?usp=sharing,"With Traffic, Vehicle Interaction,",446.5518466,326.3034425,"Monday Nov 8, 2021",A_Spot_Library_AHG_Mon_Nov_8_28,,Train
29,B,Spot,Library,Wagner Hall,https://utexas.box.com/shared/static/7jxhl06wnvnp96kh2mlgpa8rt9oci2lj.bag,https://drive.google.com/file/d/1k4m6LwbI_MIIbE9TPKn61Gjjce6xia8y/view?usp=sharing,With Traffic,219.5386248,176.6466906,"Monday Nov 8, 2021",B_Spot_Library_WagnerHall_Mon_Nov_8_29,,Train
30,A,Spot,Library,Fountain,https://utexas.box.com/shared/static/q3tn2bje9mf5trmg2j7ijvag0hs32dl8.bag,https://drive.google.com/file/d/1NlgB_EGsqj2LY3708hJqx5VCYutT769A/view?usp=sharing,"Sidewalk,With Traffic,Passing Conversational Groups",190.8111444,145.3344197,"Monday Nov 8, 2021",A_Spot_Library_Fountain_Mon_Nov_8_30,,Train
31,B,Spot,Fountain,Library,https://utexas.box.com/shared/static/4yvct1k1v4v6ka53ha5ls6rzwaykvczx.bag,https://drive.google.com/file/d/1qRL5sd7cfdoZo86qy4k2rJMAXiNAoR2A/view?usp=sharing,"Sidewalk,With Traffic,Passing Conversational Groups",187.3575761,143.7374129,"Monday Nov 8, 2021",B_Spot_Fountain_Library_Mon_Nov_8_31,,Train
32,A,Spot,EER o's cafe,AHG,https://utexas.box.com/shared/static/v2yrzjnu5wabd3bz2im0rxepehfu39o7.bag,https://drive.google.com/file/d/1ds8HUNLicE3EzW7eQnkrZmMAmWrZjWPD/view?usp=sharing,"Sidewalk,With Traffic,Street Crossing",250.8936596,191.9651103,"Monday Nov 8, 2021",A_Spot_EER_AHG_Mon_Nov_8_32,,Train
33,A,Spot,Library,AHG,https://utexas.box.com/shared/static/qtjuze7jsafkzpu0ztba0zqxqzkri010.bag,https://drive.google.com/file/d/1BiiNHgk8mr8uiU0tLpn8Tc1Rkbtplsmv/view?usp=sharing,"Vehicle Interaction,Against Traffic,With Traffic,Overtaking",541.3135141,429.6802318,"Monday Nov 8, 2021",A_Spot_Library_AHG_Mon_Nov_8_33,,Train
34,B,Spot,Ahg,Library,https://utexas.box.com/shared/static/zfeoajkf7onkcb9fams0eyerllbc4dwq.bag,https://utexas.box.com/shared/static/qdsfuif25jdh3ahizarhcf8zciezjjak.avi,"With Traffic,Passing Conversational Groups",488.244,352.5,"Tuesday Nov 9, 2021",B_Spot_AHG_Library_Tue_Nov_9_34,,Train
35,A,Spot,Library,Fountain,https://utexas.box.com/shared/static/lv3eblg4pty7u8lt03eaua2xpmjece3v.bag,https://utexas.box.com/shared/static/dfhys9johsux8n9hark0dbimbijcsigi.avi,"With Traffic,Passing Conversational Groups,Sidewalk,Street Crossing",224.75,178,"Tuesday Nov 9, 2021",A_Spot_Library_Fountain_Tue_Nov_9_35,,Train
36,B,Spot,Fountain,Union,https://utexas.box.com/shared/static/m04bptp4eldxajx8h15n0nhmukjl5r28.bag,https://utexas.box.com/s/0i177jiuu572azyjzhoeibvl30sx982u,"Stairs,With Traffic,Street Crossing,Blind Corner",350,255,"Tuesday Nov 9, 2021",B_Spot_Fountain_Union_Tue_Nov_9_36,,Train
37,A ,Spot,Union ,Library,https://utexas.box.com/shared/static/9d1akfayb3e3e3x08q5bpc26x8l38utp.bag,https://utexas.box.com/s/cqr11euirbkzfsghnl4z0720wsx2cu6k,"With Traffic,Blind Corner,Stairs,Street Crossing,Sidewalk",578.5,422,"Tuesday Nov 9, 2021",A_Spot_Union_Library_Tue_Nov_9_37,,Train
38,B,Spot,Library,EER,https://utexas.box.com/shared/static/89l5d5mqkts7aoszk1w6d7rpvma34fe5.bag,https://utexas.box.com/shared/static/tjjr3y9twdw77wjf5h7ldpexw9m5haxy.avi,"With Traffic,Passing Conversational Groups,Vehicle Interaction,Sidewalk,Stairs",673.34,493.45,"Tuesday Nov 9, 2021",B_Spot_Library_EER_Tue_Nov_9_38,,Train
39,A ,Spot ,EERC indoor ,O's cafe outside ,https://utexas.box.com/shared/static/g14wk79rx4bxokgxzpfu08l8vv9s1606.bag,https://utexas.box.com/s/tx08jkzmmepmk46dag4e2wq3hqq0ig7c,"Stairs,Navigating Through Large Crowds",126.3,131.5,"Tuesday Nov 9, 2021",A_Spot_EER_OsCafe_Tue_Nov_9_39,,Train
40,A ,Spot,EERC outside ,Ahg ,https://utexas.box.com/shared/static/fjmzc69rrfoom6tyo53mrrafm1r1c3vj.bag,https://utexas.box.com/s/e9lyycfuicrshcczphwtsukctf6bacac,"Sidewalk,With Traffic",176.7,131.2,"Tuesday Nov 9, 2021",A_Spot_EER_AHG_Tue_Nov_9_40,,Train
41,A ,Spot ,Ahg,Gdc indoor ,https://utexas.box.com/shared/static/zt6vnmepu86fn36had2wopgfy8hidevw.bag,https://utexas.box.com/shared/static/bt14aux7xm4ydr3h473x82w5c40msvnp.avi,"Narrow Doorway,Stairs",308,280,"Tuesday Nov 9, 2021",A_Spot_AHG_GDC_Tue_Nov_9_41,,Train
42,B,Spot ,Gdc indoor,Library,https://utexas.box.com/shared/static/swwl9r2d51s6kmu2zvsjsrm0wge55p1p.bag,https://utexas.box.com/shared/static/ioknjnv4epf3txidcpobxiwkmtuvo1tp.avi,"Narrow Doorway,Stairs,With Traffic,Vehicle Interaction",407,351.4,"Tuesday Nov 9, 2021",B_Spot_GDC_Library_Tue_Nov_9_42,,Train
43,A ,Spot ,Library,Ahg,https://utexas.box.com/shared/static/ids7dya182h2on8ahx3djw66ls004uf1.bag,https://utexas.box.com/shared/static/r3yuk1vbdu63kv3tppskefgykr5gpt7b.avi,"With Traffic,Passing Conversational Groups,Vehicle Interaction,Overtaking",483,348,"Tuesday Nov 9, 2021",A_Spot_Library_AHG_Tue_Nov_9_43,,Train
44,B,Spot,Rlm inside,Rlm inside,https://utexas.box.com/shared/static/o2l496m51rav67lr016w83uxx6j1kl6b.bag,https://utexas.box.com/s/2b24hubld1b1vejicv3unljaai1otjz3,,24.2,18.8,"Wednesday Nov 10, 2021",B_Spot_RLM_RLM_Wed_Nov_10_44,,Train
45,B,Spot ,Rlm outside ,Rlm outside ,https://utexas.box.com/shared/static/ajqylew204wapadzov9fv6gd4rs94j20.bag,https://utexas.box.com/s/bei4osh479w6selki6tsgxdwxm0xox5f,Narrow Doorway,73,62,"Wednesday Nov 10, 2021",B_Spot_RLM_RLM_Wed_Nov_10_45,,Train
46,A,Spot,Ahg ,Library,https://utexas.box.com/shared/static/7clhy70juqym9lgbxdm06e3wfwnleye6.bag,https://utexas.box.com/s/bpji2cpfy5dspsr8f2w7kfrfcy303l66,"With Traffic,Passing Conversational Groups",550,404,"Wednesday Nov 10, 2021",A_Spot_AHG_Library_Wed_Nov_10_46,,Train
47,B,Spot,Library,McCombs indoor,https://utexas.box.com/shared/static/h4mftqsozxmkbiq7zauwzr6g63hbpsa7.bag,https://utexas.box.com/s/28qf8imvtef2ql2ufb5ixz6tl6l1shz8,"Sidewalk,Narrow Dororway",294,235,"Wednesday Nov 10, 2021",B_Spot_Library_MCCombs_Wed_Nov_10_47,,Train
48,B,Spot,Speedway,Sac outdoor ,https://utexas.box.com/shared/static/8621q63ewkclemqc54qiptca5hroho6p.bag,https://utexas.box.com/shared/static/ngamgai0q90clso2xsea37hldyd4pn2m.avi,With Traffic,58,65,"Wednesday Nov 10, 2021",B_Spot_Speedway_SAC_Wed_Nov_10_48,,Train
49,B,Spot,Sac indoor ,Sac outdoor ,https://utexas.box.com/shared/static/0n3oigdhlpsaoxa7gqq4fujjtpcj162y.bag,https://utexas.box.com/shared/static/lx9kqutpsfrfv4iwkenys2n0x08jpdv4.avi,"Narrow Doorway,With Traffic",122,96,"Wednesday Nov 10, 2021",B_Spot_SAC_SAC_Wed_Nov_10_49,,Train
50,A,Spot,Sac outdoor,George Washington statue ,https://utexas.box.com/shared/static/fjhgn5637w4g0pj8poqoscw5f6q0pixg.bag,https://utexas.box.com/shared/static/vjegn3lj2tlzj6szh7dq3lafb8t1bi9o.avi,"With Traffic,Sidewalk,Street Crossing,Stairs",436.4,335,"Wednesday Nov 10, 2021",A_Spot_SAC_GeorgeWashStatue_Wed_Nov_10_50,,Train
51,A,Spot,Parkin hall indoor ,Parkin hall indoor ,https://utexas.box.com/shared/static/cblhgz5t9htuhtvnhdkjw9rabo49y0r9.bag,https://utexas.box.com/s/uw2ifx8ecz24mns0oky0kjd0ycog7tnz,"Narrow Doorway,Stairs",46,73,"Wednesday Nov 10, 2021",A_Spot_Parlin_Parlin_Wed_Nov_10_51,,Train
52,B,Spot,Parlin hall outdoor,NHB outside,https://utexas.box.com/shared/static/4xml4f8elstw7xeaajn7dckc93i9jxus.bag,https://utexas.box.com/shared/static/cu98lik6016swt2mv5tamr8rfmq5wa75.avi,"Sidewalk,With Traffic,Against Traffic,Street Crossing,Vehicle Interaction",614,444,"Wednesday Nov 10, 2021",B_Spot_Parlin_NHB_Wed_Nov_10_52,,Train
53,A,Spot,Union indoor,Union indoor ,https://utexas.box.com/shared/static/3g6kf1k294zcug37uoaat66u7gkihcml.bag,https://utexas.box.com/shared/static/l7l7f5gtik369pjwcnte3rmqty8mbtxg.avi,"Narrow Doorway,With Traffic",125.5,92,"Wednesday Nov 10, 2021",A_Spot_Union_Union_Wed_Nov_10_53,,Train
54,A ,Spot,Security post,Nhb ,https://utexas.box.com/shared/static/ptll9ltb4vu8jrlkrkxuq4o33crxdzaf.bag,https://utexas.box.com/s/cjyd84uqjgdbw0owg1u7zewmmw8et2ig,"Sidewalk,Against Traffic",119,86,"Wednesday Nov 10, 2021",A_Spot_Security_NHB_Wed_Nov_10_54,,Train
55,A,Spot,Nhb outdoor backyard,Ahg outdoor backyard,https://utexas.box.com/shared/static/4htq481s0lcy1ipzve9vllt540v6v3su.bag,https://utexas.box.com/s/hw3ijxyyvazdrhvws2lnfk6uo76wlx8b,,19.4,16.2,"Wednesday Nov 10, 2021",A_Spot_NHB_Ahg_Wed_Nov_10_55,,Train
56,A,Spot,Ahg,Library,https://utexas.box.com/shared/static/bucgfa5672kr9hqr1g2big7hpapvxktn.bag,https://utexas.box.com/s/y0zbsrsbiyxjd2ayldbbhgin72uapfzw,"With Traffic,Vehicle Interation,Against Traffic,Overtaking,Passing Conversational Groups",522,380,"Wednesday Nov 10, 2021",A_Spot_Ahg_Library_Wed_Nov_10_56,,Train
57,A,Spot,Library,Dobie mall outdoor ,https://utexas.box.com/shared/static/6zg8n0dokobcaahe5xhgufe537wq4khk.bag,https://utexas.box.com/shared/static/ihykt4hmpfvuglxbkzo81bn47atx9i5d.avi,"Sidewalk,Street Crossing,Passing Conversational groups",306.327,225,"Wednesday Nov 10, 2021",A_Spot_Library_Dobie_Wed_Nov_10_57,,Train
58,A,Spot,Dobie mall outdoor,Littlefield fountain,https://utexas.box.com/shared/static/im4ld86ldcdakrec85jqze4j0spep1xb.bag,https://utexas.box.com/s/kivbeeh55h81thluhkf684j1xnapp5n5,"Sidewalk,With Traffic",100,72,"Wednesday Nov 10, 2021",A_Spot_Dobie_Littlefield_Wed_Nov_10_58,,Train
59,A,Spot,George Washington ,McCombs back side,https://utexas.box.com/shared/static/ksful2i5md8459w8d63tak3t9z8ee48z.bag,https://utexas.box.com/shared/static/f45ya4fjt4mygdqpy1bg7an6nqictpty.avi,"Sidewalk,With Traffic,Street Crossing",125,93,"Wednesday Nov 10, 2021",A_Spot_GeorgeWashington_Mccombs_Wed_Nov_10_59,,Train
60,A,Spot,Outside ball structure ,Infront of tower,https://utexas.box.com/shared/static/80u81ph7q491ph4rw597suy49q0aydtt.bag,https://utexas.box.com/shared/static/xq2mag8x34lqj64t4htb0599y08zxq9w.avi,,65,65,"Wednesday Nov 10, 2021",A_Spot_Ballstructure_UTTower_Wed_Nov_10_60,,Train
61,A,Spot,Infront of tower,Union entrance ,https://utexas.box.com/shared/static/rvztv2d63chlu0zulle0a0r3rfy2crjd.bag,https://utexas.box.com/s/kkosjzoj5v38ybs8oeb0ikgashvidftx,With Traffic,166,121,"Wednesday Nov 10, 2021",A_Spot_UTTower_Union_Wed_Nov_10_61,,Train
62,A,Spot,Nhb,Jester inside,https://utexas.box.com/shared/static/dt1lnm7q4pxzzilbudjqqer3lqt2ieed.bag,https://utexas.box.com/shared/static/e2h76lpm9lfobjfqd8utwdi012hijj1m.avi,"Sidewalk,Against Traffic,Passing Conversational Groups",647.15,488,"Wednesday Nov 10, 2021",A_Spot_NHB_Jester_Wed_Nov_10_62,,Train
63,A,Spot,Jester inside,Jester upstairs,https://utexas.box.com/shared/static/kq8hsqq8j99mefqyozac8lyx5fjzi302.bag,https://utexas.box.com/shared/static/6554hdhz3266fi4nllxj1f9hhimqvc1i.avi,"With Traffic,Stairs",142,139,"Wednesday Nov 10, 2021",A_Spot_Jester_Jester_Wed_Nov_10_63,,Train
64,A,Spot,Jester upstairs ,Ground floor jester,https://utexas.box.com/shared/static/y2dzchbe45uv3qsp5yzcb3ys3hnoq7fr.bag,https://utexas.box.com/s/6ochcbc1wk8d3861vjgtjvd3fyf9r1iz,"Stairs,WithTraffic",80.2,106,"Wednesday Nov 10, 2021",A_Spot_Jester_Jester_Wed_Nov_10_64,,Train
65,A,Spot,Jcl indoors,Jcl indoors ,https://utexas.box.com/shared/static/j039z91qev1shtybsjxhl9gp57f2tqu5.bag,https://utexas.box.com/s/yimlg5imqwk3np5le1gwgqzb3n38mj6z,"Navigating Through Large Crowds,Passing Conversational Groups,Blind Corner",84,95,"Wednesday Nov 10, 2021",A_Spot_JCL_JCL_Wed_Nov_10_65,,Train
66,A,Spot,Jcl indoors ,Jcl indoors ,https://utexas.box.com/shared/static/aygz9qoyb5xok1bj8671cb8l02qghwd4.bag,https://utexas.box.com/shared/static/ttgyht6qv02y6rh2488ulyuuemg9dk64.avi,,26,42,"Wednesday Nov 10, 2021",A_Spot_JCL_JCL_Wed_Nov_10_66,,Train
67,A,Spot,Union indoors,union indoors,https://utexas.box.com/shared/static/w80vefrx0kihzrt711l71xi81q3lb5co.bag,https://utexas.box.com/shared/static/bnu2g5tirdz54iiwzns6b15qcf535sb7.avi,"Narrow Doorway,With Traffic",124,103,"Wednesday Nov 10, 2021",A_Spot_Union_Union_Wed_Nov_10_67,,Train
68,B,Spot,Ahg ,Library,https://utexas.box.com/shared/static/4ns5w5jfkafjtad1dnvan3yia33pf2sc.bag,https://utexas.box.com/s/0nlzuudfwoyw7nzozws5c2e1utdkrdv1,"With Traffic,Vehicle Interaction",483,362,"Thursday Nov 11, 2021",B_Spot_Ahg_Library_Thu_Nov_11_68,,Train
69,B,Spot,Library,Sac inside ,https://utexas.box.com/shared/static/ff6oy2t8r2lgulkn6oazkprwgoyszh3q.bag,https://utexas.box.com/s/nwbfbzhczxmndg2jl6hvngbu0zv3lw98,"Vehicle Interaction,Narrow Doorway,Crossing Stationary Queue",320,265,"Thursday Nov 11, 2021",B_Spot_Library_SAC_Thu_Nov_11_69,,Train
70,B,Spot,Welch,Welch,https://utexas.box.com/shared/static/1yqcxu1ovo0tfg7he486emk52msczk60.bag,https://utexas.box.com/s/eyhvxrz7niv7o29gc3pc6xw2kexv7xb4,,52,41,"Thursday Nov 11, 2021",B_Spot_Welch_Welch_Thu_Nov_11_70,,Train
71,A,Spot,Welch,Union front outside chipotle ,https://utexas.box.com/shared/static/32hs9yloomf4rhdnemhl8bomu3iukmn3.bag,https://utexas.box.com/s/htlv99d9h9z9wh4p0cakbj5gizomaary,"Sidewalk,With Traffic,Street Crossing,Stairs,Narrow Doorway",486,373,"Thursday Nov 11, 2021",A_Spot_Welch_Union_Thu_Nov_11_71,,Train
72,B,Spot,Union front outside chipotle,Dobie outside ,https://utexas.box.com/shared/static/z0egrnwtx3gzt5gz99vrff4euot5m9q8.bag,https://utexas.box.com/s/9mgsc6hky6pofp2lakkmnc0w3rbcxtzk,"Blind Corner,Street Crossing,Stairs,With Traffic,Passing Conversational Groups",516,420,"Thursday Nov 11, 2021",B_Spot_Union_Dobie_Thu_Nov_11_72,,Train
73,A,Spot,Dobie inside ,Dobie inside ,https://utexas.box.com/shared/static/dvfe6sh076js6bbik9but1psaaon1ep8.bag,https://utexas.box.com/s/43pgenf1h2yhdlrgbyomehme8vzr2e96,Passing Conversational Groups,89,68,"Thursday Nov 11, 2021",A_Spot_Dobie_Dobie_Thu_Nov_11_73,,Train
74,B,Spot,Dobie outside ,Library,https://utexas.box.com/shared/static/d6lvmg7ae5ip8wteh7v80aunfiy3cpwi.bag,https://utexas.box.com/s/tz8ma8i1d7xfgcfh0qx87hjatux7b1vv,"Sidewalk,Passing Conversational Groups,Street Crossing,Blind Corner,With Traffic",382.23,290,"Thursday Nov 11, 2021",B_Spot_Dobie_Library_Thu_Nov_11_74,,Train
75,B,Spot,Library,Jester indoor,https://utexas.box.com/shared/static/b31ve6jjcsc2ut8ud2sm68fgud6pki6b.bag,https://utexas.box.com/s/rr10g16ya46xpjvvzu0takgltxy45rjy,"Stairs,Narrow Doorway",113,91,"Thursday Nov 11, 2021",B_Spot_Library_Jester_Thu_Nov_11_75,,Train
76,B,Spot,Jcl,Jcl,https://utexas.box.com/shared/static/zq8e6jntv0k8e31gvcfjr5vwj29awzq9.bag,https://utexas.box.com/s/4m9y5gno8qne3f2pwozlli4eflygcd4e,"Navigating Through Large Crowds,Passing Conversational Groups",173.4,176,"Thursday Nov 11, 2021",B_Spot_JCL_JCL_Thu_Nov_11_76,,Train
77,B,Spot,Library,Greg,https://utexas.box.com/shared/static/5n77y7udnv0upg5o77jp4wvsnzqv54l1.bag,https://utexas.box.com/s/31xqopffffqpeyve8geozwwrix2rb70g,"Navigating Through Large Crowds,Passing Conversational Groups",105,77,"Thursday Nov 11, 2021",B_Spot_Library_Greg_Thu_Nov_11_77,,Train
78,B,Spot,Greg outside,Ahg,https://utexas.box.com/shared/static/kj598l6kkwaxjmirj77vnxn3daoffmlz.bag,https://utexas.box.com/s/l8xdxd1crlo9kpmzp7ijnjnyhpzab0ly,"Passing Conversational Groups,With Traffic",430.5,312,"Thursday Nov 11, 2021",B_Spot_Greg_Ahg_Thu_Nov_11_78,,Train
79,A,Spot,Ahg ,EERC inside ,https://utexas.box.com/shared/static/khesen2rs5gr2f1di8nyxbthvsxbio5o.bag,https://utexas.box.com/s/rffy29m0ivn9a20lpztinx2g9ot7m3hb,"With Traffic,Sidewalk,Narrow Doorway",291,214,"Thursday Nov 11, 2021",A_Spot_Ahg_EERC_Thu_Nov_11_79,,Train
80,A,Spot,EERC lawn,Ahg ,https://utexas.box.com/shared/static/p5icsvzusjeo8g1rqfkfilwisz2n1npd.bag,https://utexas.box.com/s/18hkh7midwi2922290fojslvh458ixwo,"Sidewalk,Vehicle Interaction",131,97,"Thursday Nov 11, 2021",A_Spot_EERC_Ahg_Thu_Nov_11_80,,Train
81,A ,Spot,AHG,Library,https://utexas.box.com/shared/static/ncrwrhfbhjb5zqean5wa07pteln9bteb.bag,https://utexas.box.com/s/plxr3v7nyiusvvmlcmzro4sqmdyoir7o,"With Traffic,Vehicle Interaction",500,356,"Friday Nov 12, 2021",A_Spot_AHG_Library_Fri_Nov_12_81,,Train
82,A ,Spot,Library,Fountain,https://utexas.box.com/shared/static/hpofilg0htdfm2doi4na09zxudjd2z0e.bag,https://utexas.box.com/s/engb4ul8vmt3g4kcr1bf8w882dj7sml9,"Sidewalk,Passing Conversational Groups",212.44,157,"Friday Nov 12, 2021",A_Spot_Library_Fountain_Fri_Nov_12_82,,Train
83,A ,Spot,Fountain,Dobie,https://utexas.box.com/shared/static/d1by4ptu7za8hpimtk3wdje0cw0k1f3v.bag,https://utexas.box.com/s/yfrvl6px4l1sjumlhcx54xtcsg7s95q6,"Sidewalk,Street Crossing,With Traffic",141.21,107,"Friday Nov 12, 2021",A_Spot_Fountain_Dobie_Fri_Nov_12_83,,Train
84,A ,Spot,Dobie,Fountain,https://utexas.box.com/shared/static/onj6ny9pnux3rxqs6o6omvtt817awu62.bag,https://utexas.box.com/s/uyc9xkoctnedwsubzmpm5up4amihp0jm,"Sidewalk,Street Crossing",140.5,102,"Friday Nov 12, 2021",A_Spot_Dobie_Fountain_Fri_Nov_12_84,,Train
85,A ,Spot,Fountain,Library,https://utexas.box.com/shared/static/w70s98m1twy924afwz4f65bnbxb2nc0i.bag,https://utexas.box.com/s/wt594uc38mbtwfd2xrp34xrw7ix4zvll,"Sidewalk,Passing Conversational Groups",152,115,"Friday Nov 12, 2021",A_Spot_Fountain_Library_Fri_Nov_12_85,,Train
86,A ,Spot,Library,AHG,https://utexas.box.com/shared/static/vlqykytmpqez378na5ehdwtkk7qth9lp.bag,https://utexas.box.com/s/35e4s8sqmin7pf0f68nbeihtgk7t52xk,"Passing Conversational Groups,With Traffic,Vehicle Interaction",542.2,391,"Friday Nov 12, 2021",A_Spot_Library_AHG_Fri_Nov_12_86,,Train
87,B,Jackal,Gdc outdoor,Library ,https://utexas.box.com/shared/static/pwevinkxctf57lz9aet9uje65bk16n1x.bag,https://utexas.box.com/s/9kmlycpklo2fotvic2747l8h17ykuk18,With Traffic,307.4,160,"Saturday Nov 13, 2021",B_Jackal_GDC_Library_Sat_Nov_13_87,,Train
88,B,Jackal,Library,San jac blvd,https://utexas.box.com/shared/static/5dlxn8t8zx5ameo4hkpwt13ckoq6n1qy.bag,https://utexas.box.com/s/4a7jcnnq61036ngfxovdr60bhev49bpb,"Sidewalk,Overtaking",345,187,"Saturday Nov 13, 2021",B_Jackal_Library_Sanjac_Sat_Nov_13_88,,Train
89,B,Jackal,San jacinto,Stadium loading dock,https://utexas.box.com/shared/static/egrbvteyjej73dafuelvw1eka3ew06ee.bag,https://utexas.box.com/s/o06v5vj9qegw2hk7fj9d7pcz75169ko0,"Navigating Through Large Crowds,Street Crossing,Passing Conversational Groups",172,109,"Saturday Nov 13, 2021",B_Jackal_Sanjac_Stadium_Sat_Nov_13_89,,Train
90,B,Jackal,Stadium loading dock ,San jac blvd,https://utexas.box.com/shared/static/2vzf65khgq8wo7rmn21e160wx7zbdwhh.bag,https://utexas.box.com/s/3dbn8gmbur9suz90ci0o2mfon4dtf3bd,"Navigating Through Large Crowds,Passing Conversational Groups",160,94,"Saturday Nov 13, 2021",B_Jackal_Stadium_Sanjac_Sat_Nov_13_90,,Train
91,A ,Jackal,San jac bvld ,Rec center,https://utexas.box.com/shared/static/urpm62r9ogtsfchlx1wyqid9y5hvg13g.bag,https://utexas.box.com/s/pj3vm17jky4ade45mryojumgva7nlrwx,"Navigating Through Large Crowds,Passing Conversational Groups",251.33,142,"Saturday Nov 13, 2021",A_Jackal_Sanjac_Rec_Sat_Nov_13_91,,Train
92,A ,Jackal,Rec center ,Can't collect data ,https://utexas.box.com/shared/static/3aee67ijgggeumlyymwifhff57kr4w57.bag,https://utexas.box.com/s/08pffkovki2e92nf6efvpb36nxo4cz9m,Passing Conversational Groups,33.5,30,"Saturday Nov 13, 2021",A_Jackal_REC_Abandon_Sat_Nov_13_92,,Train
93,B,Jackal,Rec center,Football field,https://utexas.box.com/shared/static/czncx7qnrd1etq4xbcxbct7yinahyddw.bag,https://utexas.box.com/s/m3g13goc258jkzxnpbms5d5vhwke2glt,"With Traffic,Passing Conversational Groups",174.22,95,"Saturday Nov 13, 2021",B_Jackal_REC_Footballfield_Sat_Nov_13_93,,Train
94,A ,Jackal,Brackenridge ,Greg ,https://utexas.box.com/shared/static/w3dswdvqd4mjpgor9ilgk1ouwf22xgv0.bag,https://utexas.box.com/s/ariiwird0i6vzsml2d9tc8wbp3d71gc8,"Sidewalk,Vehicle Interaction",156.5,106,"Saturday Nov 13, 2021",A_Jackal_Brackenridge_Greg_Sat_Nov_13_94,,Train
95,A,Jackal ,Greg,Gdc ,https://utexas.box.com/shared/static/gxamt750xsdhc28r77vkwj7m8247oxca.bag,https://utexas.box.com/s/jkni055npxok9vdwaxc70ixsp5wxi5me,With Traffic,93,68,"Saturday Nov 13, 2021",A_Jackal_Greg_GDC_Sat_Nov_13_95,,Train
96,A,Spot,Ahg,Cola outdoors,https://utexas.box.com/shared/static/hebjvyi1yb2ybjvh3tlzwf64xj1bp5ro.bag,https://utexas.box.com/s/7j04w6el7n73hbquggmvuzz1v4yo7lty,With Traffic,430.19,208,"Saturday Nov 13, 2021",A_Spot_AHG_Cola_Sat_Nov_13_96,,Train
97,B,Spot,Cola courtyard,Cola courtyard,https://utexas.box.com/shared/static/i4gq5i1fhlw2wgraz1j7mm37rjekhmf2.bag,https://utexas.box.com/s/36bi8raquk6z972qhfjllqo1qmj6ucrd,Navigating Through Large Crowds,53.31,63,"Saturday Nov 13, 2021",B_Spot_Cola_Cola_Sat_Nov_13_97,,Train
98,D,Spot,Performing arts center ,Lbj lawn ,https://utexas.box.com/shared/static/11ef9fo7rdcpdvab3ypks2wthhwfikjm.bag,https://utexas.box.com/s/vv1yxo0ae7juh8k7y4k94tmaj9kkli6n,"Crossing Stationary Queue,Navigating Through Large Crowds,Sidewalk,Street Crossing",456.78,380,"Saturday Nov 13, 2021",D_Spot_PerformingArts_Lbj_Sat_Nov_13_98,,Train
99,A ,Spot,Lbj lawn ,Thompson conference center ,https://utexas.box.com/shared/static/557w9umjbcqosmcb8k4a4sdnqtieif7j.bag,https://utexas.box.com/s/1mxgg6pwlba2qhogeaecu9t8lca3j090,"Navigating Through Large Crowds,Sidewalk,Street Crossing",377.45,278,"Saturday Nov 13, 2021",A_Spot_Lbj_Thompson_Sat_Nov_13_99,,Train
100,B,Spot,Thompson conf center,Lbj lawn ,https://utexas.box.com/shared/static/48lxh7yckhkmkvay030o5wpp05e40f5d.bag,https://utexas.box.com/s/0hcoqzpnlehzfsmxqp8e2220ep3mpcbv,"Street Crossing,Vehicle Interaction,Navigating Through Large Crowds,Sidewalk",281.02,278,"Saturday Nov 13, 2021",B_Spot_Thompson_Thompson_Sat_Nov_13_100,,Train
101,B,Spot,Lbj lawn,Thompson center,https://utexas.box.com/shared/static/jc9y988wk9x59k2m3oz0uuimza4z36p4.bag,https://utexas.box.com/s/nwypek075yh0wke5codudapg6n4mis3k,"Navigating Through Large Crowds,Sidewalk",189.27,143,"Saturday Nov 13, 2021",B_Spot_LBJ_Thompson_Sat_Nov_13_101,,Train
102,B ,Spot,Thompson center,Thompson center,https://utexas.box.com/shared/static/qdw35t22phxpcowauum2nzpc9t38sel1.bag,https://utexas.box.com/s/tewkfkfqho5ecxufoehq2p0jsprxugdb,"Sidewalk,With Traffic",66.38,48,"Saturday Nov 13, 2021",B_Spot_Thompson_Thompson_Sat_Nov_13_102,,Train
103,A ,Spot,Thompson center ,Butler school ,https://utexas.box.com/shared/static/rfj4wh8pnronpw4gpeqgda5dh2o6ms1v.bag,https://utexas.box.com/s/g7rporpj4i5g7bnlw3muroq8jwpnm6h4,"Sidewalk,Street Crossing",58.74,46,"Saturday Nov 13, 2021",A_Spot_Thompson_Butler_Sat_Nov_13_103,,Train
104,A ,Spot,Butler school , Lbj museum ,https://utexas.box.com/shared/static/jpp47846eu8soa814vrk83pwii4rzzyb.bag,https://utexas.box.com/s/8yb99xvi0pl4b7capf5cltqfolyed60x,"Blind Corner,Street Crossing,Navigating Through Large Crowds,Sidewalk",158.21,116,"Saturday Nov 13, 2021",A_Spot_Butler_LBJ_Sat_Nov_13_104,,Val
105,A,Spot,Lbj museum ,Stadium ,https://utexas.box.com/shared/static/1vqspflt9vrkxdmywnz9669ubxw6ekhc.bag,https://utexas.box.com/s/c8xvbdvc5js4sa8nwlipsp8xo1dn6h01,"Vehicle Interaction,Sidewalk,Navigating Through Large Crowds,Street Crossing",476.6,366,"Saturday Nov 13, 2021",A_Spot_LBJ_Stadium_Sat_Nov_13_105,,Val
106,A ,Spot,Stadium,Performing arts center,https://utexas.box.com/shared/static/yozavk4e6z1xcmdqzsnkolpo5oesy9eo.bag,https://utexas.box.com/shared/static/7xyh8ec45q962bbevq2hbah57lmew1m3.avi,"Sidewalk,Overtaking,Navigating Through Large Crowds",267.56,220.3,"Saturday Nov 13, 2021",A_Spot_Stadium_PerformingArtsCenter_Sat_Nov_13_106,,Val
107,B,Spot,Ahg,Library,https://utexas.box.com/shared/static/mjyjoro1zqe5re5xslk9m1jmziwq2kw7.bag,https://utexas.box.com/s/1vfq7hrmobq9ltrhchvjkof1oiut3obg,With Traffic,487,352,"Monday Nov 15, 2021",B_Spot_AHG_Library_Mon_Nov_15_107,,Val
108,B,Spot,Jcl ,Jcl ,https://utexas.box.com/shared/static/5mp1qex9os0oejjvmdic5niibfl5yfex.bag,https://utexas.box.com/s/of7ane2rpiwn7aiu6fxjdii6w35dx20w,"Navigating Through Large Crowds,Passing Conversational Groups,Narrow Doorway,Stairs",540.3,534,"Monday Nov 15, 2021",B_Spot_JCL_JCL_Mon_Nov_15_108,,Val
109,B,Spot,Sac ,Sac ,https://utexas.box.com/shared/static/g79wz94aq7ovpunmeou34pufgslw280q.bag,https://utexas.box.com/s/g491thop3poj6rgshsvsf3tdwxhrg01f,"Stairs,With Traffic",200,160,"Monday Nov 15, 2021",B_Spot_SAC_SAC_Mon_Nov_15_109,,Val
110,B,Spot,Sac ,Ahg ,https://utexas.box.com/shared/static/llmncx4v8y3okph5xxt3shynllu6cnsc.bag,https://utexas.box.com/s/75w5ycrianu7jdwdox33cfkeas3tjoob,With Traffic,294,212,"Monday Nov 15, 2021",B_Spot_SAC_AHG_Mon_Nov_15_110,,Val
111,B,Spot,Ahg ,Union,https://utexas.box.com/shared/static/8go8ljmy745ouax8zl2imlxboxe44g76.bag,https://utexas.box.com/s/wngh70ohic9mvey0op58jg7yo2xzbw3o,"Vehicle Interaction,Sidewalk,Street Crossing",409,304.24,"Monday Nov 15, 2021",B_Spot_AHG_Union_Mon_Nov_15_111,,Val
112,B,Spot,Union,Sac ,https://utexas.box.com/shared/static/ydrtohjft8egf83bidv1n6xxehma8o1e.bag,https://utexas.box.com/s/fr1tf387dffuodt6ten58ddmvpchjaq0,"With Traffic,Vehicle Interaction,Sidewalk,Stairs",472.3,346.6,"Monday Nov 15, 2021",B_Spot_Union_SAC_Mon_Nov_15_112,,Val
113,B,Spot,Sac ,Nhb ,https://utexas.box.com/shared/static/jnz8pglf9a661dhmq3lh9mvdtf9zemp3.bag,https://utexas.box.com/s/7k4ooql1fupbc4bplxruu6q49r0v67fd,"With Traffic,Vehicle Interaction",274,204.5,"Monday Nov 15, 2021",B_Spot_SAC_NHB_Mon_Nov_15_113,,Val
114,B,Spot ,Nhb,Union,https://utexas.box.com/shared/static/lyt4ow7zb3oidxxslxhdtjnczqinpmsq.bag,https://utexas.box.com/s/hkft6xr05hlminnbq0m0tqsr2e5lqss8,"Street Crossing,Sidewalk,With Traffic",418,317,"Monday Nov 15, 2021",B_Spot_NHB_Union_Mon_Nov_15_114,,Val
115,B,Spot,Hogg Auditorium ,GDC,https://utexas.box.com/shared/static/4qnr1v7lbldsdcnb7mdur3x5h2livlgp.bag,https://utexas.box.com/s/ia3og7yvxo3j5qxygs373ysiftwhep8n,"Street Crossing,Sidewalk,With Traffic,Stairs",497,363,"Monday Nov 15, 2021",B_Spot_Hogg_GDC_Mon_Nov_15_115,,Val
116,B,Spot,GDC,Ahg ,https://utexas.box.com/shared/static/cph7tp6520owvi6qm8l860yw5o11k6df.bag,https://utexas.box.com/s/o2xsu9gbv942buzfzbbn10bid5bnsb2f,"Vehicle Interaction,With Traffic",132.3,96,"Monday Nov 15, 2021",B_Spot_GDC_AHG_Mon_Nov_15_116,,Val
117,B,Spot,RLM ,O's Cafe,https://utexas.box.com/shared/static/95fv80syzzwo9lks2816s0wcdopwdh50.bag,https://utexas.box.com/s/tpk9kqf0acgxcbwtwvvvfuay8mwmi9qi,"Sidewalk,With Traffic,Narrow Doorway",168,136,"Monday Nov 15, 2021",B_Spot_RLM_OsCafe_Mon_Nov_15_117,,Val
118,A,Spot,AHG,Library,https://utexas.box.com/shared/static/de99cmearndajzls3aguazgmb93dn591.bag,https://utexas.box.com/shared/static/kj8k30d5twv86p4yyliqnhke87a5g8c1.mp4,With Traffic,512,368,"Tuesday Nov 16, 2021",A_Spot_AHG_Library_Tue_Nov_16_118,,Val
119,A ,Spot,Library,Fountain,https://utexas.box.com/shared/static/jik7x3b42ibdahfg9ieldxjtxz7qreb8.bag,https://utexas.box.com/shared/static/2fjkg7ne0o6h01856ebkpt1t4f2k72a1.mp4,"Sidewalk,Street Crossing,Vehicle Interaction",183.74,133.5,"Tuesday Nov 16, 2021",A_Spot_Library_Fountain_Tue_Nov_16_119,,Val
120,A ,Spot,Fountain,Library,https://utexas.box.com/shared/static/c9a582nuyfoo5lh2fdw8t4lq5cp6gzll.bag,https://utexas.box.com/shared/static/lb6oysvo9mno5c24ve7al6kacl2j8ljf.mp4,"Street Crossing,Sidewalk",233.7,167.1,"Tuesday Nov 16, 2021",A_Spot_Fountain_Library_Tue_Nov_16_120,,Val
121,A,Spot,Gdc ,Jester,https://utexas.box.com/shared/static/m7ygss4yeb07vg5iof49up0qqw60iio5.bag,https://utexas.box.com/s/jmc3758ps72szeywvoown0qrtzd8smo1,With Traffic,334.03,239,"Thursday Nov 18, 2021",A_Spot_GDC_Jester_Thu_Nov_18_121,,Val
122,A,Spot,Jester indoor ,Jester indoor,https://utexas.box.com/shared/static/vl710jhpk98979ytdesvvp6vn7isz26c.bag,https://utexas.box.com/s/6jziu3bbe65y9gyx0es72xwilxsnruq2,"Narrow Doorway,With Traffic",145.8,118,"Thursday Nov 18, 2021",A_Spot_Library_MLK_Thu_Nov_18_122,,Val
123,A,Spot,Library,MLK statue ,https://utexas.box.com/shared/static/en1hw8cise5yog8eq7de4fugnouvvik3.bag,https://utexas.box.com/s/m4yht6tmkdxryks32zpv7l14xrvjkbzw,With Traffic,337.12,240,"Thursday Nov 18, 2021",A_Spot_Library_MLK_Thu_Nov_18_123,,Val
124,A,Spot,Gdc outdoor ,AHG,https://utexas.box.com/shared/static/rtm42xm656ueoy28k68p99zauo4spagk.bag,https://utexas.box.com/s/o2ppngz0ynsfn1e1mc2i8ggtwpn1r53u,With Traffic,185.8,134,"Thursday Nov 18, 2021",A_Spot_GDC_AHG_Thu_Nov_18_124,,Val
125,C,Spot,San jac and stadium,Bass concert hall,https://utexas.box.com/shared/static/haqt913qedaajrgvkoq9ch5a4uy4bwrb.bag,https://utexas.box.com/s/ouzos3cwi7472fbsiux2mxd5fiwd0wup,"Navigating Through Large Crowds,Sidewalk,Street Crossing,Passing Conversational Groups,Overtaking",290.6580972,277.5624864,"Friday Nov 26, 2021",C_Spot_SanJac_Bass_Fri_Nov_26_125,,Val
126,A ,Spot,Bass concert hall ,Rec ,https://utexas.box.com/shared/static/kqn34nreu2rvu9yl9vg2cgcyhwcsgp0c.bag,https://utexas.box.com/s/yc2a314wxjzg86gv7xr66a8pkxtmvc92,"Passing Conversational Groups,Crossing Stationary Queue,Against Traffic,Navigating Through Large Crowds,Overtaking",652.6681259,505.4802482,"Friday Nov 26, 2021",A_Spot_Bass_Rec_Fri_Nov_26_126,,Val
127,C,Spot,Rec,Bass concert hall,https://utexas.box.com/shared/static/vwzbzzpfksv25jsict54uy8t3neaiz4h.bag,https://utexas.box.com/s/6zfzhdmiz4pxfzu7io2b1hzf7o38w3g9,"Passing Conversational Groups,Crossing Stationary Queue,Against Traffic,Navigating Through Large Crowds",667.3883085,626.8856716,"Friday Nov 26, 2021",C_Spot_Rec_Bass_Fri_Nov_26_127,,Val
128,A ,Spot,Bass,Rec,https://utexas.box.com/shared/static/br5ujqnqnmeodlj8wq4fg7mhzqr7bg68.bag,https://utexas.box.com/s/kapsx8akdsccbpjug3mjluf4y25ro3s9,"Passing Conversational Groups,Crossing Stationary Queue,Against Traffic,Navigating Through Large Crowds",549.4486379,521.3262334,"Friday Nov 26, 2021",A_Spot_Bass_Rec_Fri_Nov_26_128,,Val
129,C,Spot,Rec,Tent,https://utexas.box.com/shared/static/xmpjvalyahwh46dzdct5ghuvbtrwoply.bag,https://utexas.box.com/s/m1bhkvl9nae6gfn465qrb76y61jpdfd2,"Passing Conversational Groups,Crossing Stationary Queue,Against Traffic,Navigating Through Large Crowds,Street Crossing,Overtaking",384.5494726,370.8457513,"Friday Nov 26, 2021",C_Spot_Rec_Tent_Fri_Nov_26_129,,Val
130,C,Spot,Tent ,Ahg,https://utexas.box.com/shared/static/z36qvg7wakoq2iq5iyipwcxe14u157sc.bag,https://utexas.box.com/s/tvtbzaxn4u8k32i0c7og2xdbyrkm4rqq,"Stairs,With Traffic,Against Traffic",441.5233381,344.3496242,"Friday Nov 26, 2021",C_Spot_Tent_AHG_Fri_Nov_26_130,,Val
131,C,Spot,Speedway ,Butler school ,https://utexas.box.com/shared/static/tn7x2omi52vl6i25fmpnby8b5j8yw194.bag,https://utexas.box.com/s/v7f5q0wnt5ftetkg2lv1uyfx4egc46tj,"With Traffic,Against Traffic,Stairs,Navigating Through Large Crowds,Sidewalk,Street Crossing",871.5242226,723.4698467,"Friday Nov 26, 2021",C_Spot_Speedway_Butler_Fri_Nov_26_131,,Val
132,A,Spot,Butler school ,Foodtruck,https://utexas.box.com/shared/static/lhu3ug0nvn5rpro4duc77eeeq0ibag83.bag,https://utexas.box.com/s/91acgo4m8kq5br9q41g71l7gayp3s536,"With Traffic,Against Traffic,Sidewalk,Navigating Through Large Crowds",543.5550686,457.3184614,"Friday Nov 26, 2021",A_Spot_Butler_Foodtruck_Fri_Nov_26_132,,Val
133,C,Spot,Foodtruck,Bass concert hall,https://utexas.box.com/shared/static/fw3zq428wflpr0pc1k2z1j1p76zbztij.bag,https://utexas.box.com/shared/static/ml562oarpeqgg4yql3lvgqeeqnop2mma.mp4,"Navigating Through Large Crowds,Passing Conversational Groups",322.0340665,268.8052046,"Friday Nov 26, 2021",C_Spot_Foodtruck_Bass_Fri_Nov_26_133,,Val
134,A ,Spot,Bass concert hall,Manor garage,https://utexas.box.com/shared/static/gco3raz45synfhs0y92srbxb7b7mtzme.bag,https://utexas.box.com/shared/static/xfw3gi8y071z50mcis34vmrdidb2m34z.mp4,"Overtaking,Navigating Through Large Crowds,Passing Conversational Groups",124.5862951,105.983748,"Friday Nov 26, 2021",A_Spot_Bass_Garage_Fri_Nov_26_134,,Val
135,A ,Spot,Stadium ,Rec center,https://utexas.box.com/shared/static/rpux8egjopgr5utxxuz7bn9f0r5192y2.bag,https://utexas.box.com/shared/static/jl3vogb6tem0vzt3xq6ojpn614mr7xd0.mp4,"Overtaking,Navigating Through Large Crowds,Passing Conversational Groups,Against Traffic",746.7545525,616.1205599,"Friday Nov 26, 2021",A_Spot_Stadium_Rec_Fri_Nov_26_135,,Val
136,C,Spot,Rec center,Tent,https://utexas.box.com/shared/static/66a3anqx05zx3d6bko0y6bwc6qz19iny.bag,https://utexas.box.com/shared/static/0dmzw64h513857yzjvpdwtebl4il1cbz.mp4,"Sidewalk,With Traffic,Against Traffic,Navigating Through Large Crowds,Passing Conversational Groups",534.4900567,402.7000425,"Friday Nov 26, 2021",C_Spot_Rec_Tent_Fri_Nov_26_136,,Val
137,A,Spot,Ahg,Fountain,https://utexas.box.com/shared/static/xkjq1gj8ktv6n1u29m747c1f0ygosuym.bag,https://utexas.box.com/shared/static/ket7lrjbby8li7ix6zk39csfsji0ax43.mp4,"Overtaking,With Traffic,Stairs,Street Crossing",560.038,401.36,"Monday Dec 20, 2021",A_Spot_AHG_Fountain_Mon_Dec_20_137,,Val
138,A,Spot,Fountain,Greg gym,https://utexas.box.com/shared/static/iyrcohpiucb14iijvopyidh2k6hoswxj.bag,https://utexas.box.com/shared/static/q4qf78xrr8tfoff6c4uidntpgk8q589f.mp4,"Sidewalk,Street Crossing",460,332,"Monday Dec 20, 2021",A_Spot_Fountain_Greg_Mon_Dec_20_138,,Val